id,monsterId,name,wuxing,levelRange,rarity,baseHp,baseAttack,baseDefense,baseSpeed,baseAccuracy,baseMagicAttack,resistWood,resistFire,resistEarth,resistMetal,resistWater,counterBonus,skillId1,skillId2,skillId3,race,aiLevel,growthRate,dropItem1,dropRate1,dropItem2,dropRate2,dropItem3,dropRate3,dropItem4,dropRate4,dropItem5,dropRate5,dropGold,legendaryDrop,legendaryDropRate,destinyClue,spawnNodes,description,dropItems,imageUrl,catchRate,isCapturable,baseCaptureRate,baseBp,actionsPerTurn,baseMp,baseMagicDefense,baseHealPower,baseCritRate,baseCritDamage,wuxingWood,wuxingFire,wuxingEarth,wuxingMetal,wuxingWater,realm,realmMultiplier,species,isActive,createdAt
1,M_W001,葉刃狐,木,3-3,common,120,15,8,12,20,10,20,30,10,20,15,20,SK_M001,,,,1,1,I_W001,0.135,I_W002,0.135,,0,,0,,0,"{""max"":10,""min"":3}",,0,,[],最常見的木系怪物，外形圓潤可愛，棲息在公園草地。,[],https://d2xsxph8kpxj0f.cloudfront.net/310519663104688923/MLF7bLVZzzxdGTPVXTct3c/generated/1774625461901.png,0.5,1,35,40,1,30,5,0,5,150,60,0,0,0,40,初界,1,beast,1,1774283685173
2,M_W002,藤蔓蜘蛛,木,4-4,common,95,14,12,12,18,8,0,0,0,0,0,0,SK_M003,SK_M002,,,1,1,I_W001,0.135,E_W003,0.06,,0,,0,,0,"{""max"":30,""min"":10}",,0,,[],以藤蔓為巢的蜘蛛，攻擊帶有輕微毒素。,[],https://d2xsxph8kpxj0f.cloudfront.net/310519663104688923/MLF7bLVZzzxdGTPVXTct3c/generated/1774633039871.png,0.4,1,35,40,1,30,5,0,5,150,60,0,0,0,40,初界,1,beast,1,1774283685173
3,M_W003,綠芽史萊姆,木,1-1,common,120,8,12,10,12,5,30,10,15,20,15,15,SK_M004,,,,1,1,I_W001,0.135,I_W002,0.135,,0,,0,,0,"{""max"":100,""min"":50}",,0,,,會噴出孢子粉末的蘑菇怪，孢子有致幻效果。,[],https://d2xsxph8kpxj0f.cloudfront.net/310519663104688923/MLF7bLVZzzxdGTPVXTct3c/generated/1774633052162.png,0.4,1,35,40,1,30,5,0,5,150,60,0,0,0,40,初界,1,beast,1,1774283685173
4,M_W004,刺刺蝟,木,5-5,common,110,18,10,12,20,8,20,25,15,15,10,15,SK_M005,,,,1,1.2,I_W001,0.135,E_W003,0.06,,0,,0,,0,"{""max"":180,""min"":100}",,0,,,由古老樹木化身而成，行動緩慢但防禦極高。,[],https://d2xsxph8kpxj0f.cloudfront.net/310519663104688923/MLF7bLVZzzxdGTPVXTct3c/generated/1774633062820.png,0.2,1,35,40,1,30,5,0,5,150,60,0,0,0,40,初界,1,beast,1,1774283685173
5,M_W005,孢子菇,木,2-2,common,80,12,8,12,15,18,35,5,10,15,20,20,SK_M006,,,,1,1,I_W001,0.135,I_W002,0.135,,0,,0,,0,"{""max"":120,""min"":60}",,0,,,巨大的食肉植物，能分泌腐蝕性消化液。,[],https://d2xsxph8kpxj0f.cloudfront.net/310519663104688923/MLF7bLVZzzxdGTPVXTct3c/generated/1774633074887.png,0.2,1,35,40,1,30,5,0,5,150,60,0,0,0,40,初界,1,beast,1,1774283685173
6,M_W006,樹皮甲蟲,木,6-6,common,120,10,12,8,15,5,25,15,25,10,10,15,SK_M007,,,,1,1.2,I_W001,0.135,E_W001,0.04,,0,,0,,0,"{""max"":200,""min"":100}",,0,,,速度極快的螳螂，能製造幻影迷惑敵人。,[],https://d2xsxph8kpxj0f.cloudfront.net/310519663104688923/MLF7bLVZzzxdGTPVXTct3c/generated/1774633082700.png,0.15,1,35,40,1,30,5,0,5,150,60,0,0,0,40,初界,1,beast,1,1774283685173
7,M_W007,飛葉蝶,木,3-3,common,70,20,5,12,25,12,30,10,10,25,15,20,SK_M008,,,,1,1.2,I_W001,0.135,I_W002,0.135,,0,,0,,0,"{""max"":150,""min"":80}",,0,,,棲息在沼澤中的腐敗生物，全身散發毒素。,[],https://d2xsxph8kpxj0f.cloudfront.net/310519663104688923/MLF7bLVZzzxdGTPVXTct3c/generated/1774633094398.png,0.15,1,35,40,1,30,5,0,5,150,60,0,0,0,40,初界,1,beast,1,1774283685173
8,M_W008,泥沼蛙,木,4-4,common,120,12,12,12,16,8,20,15,20,15,25,20,SK_M009,,,,1,1,I_W001,0.135,E_W003,0.06,,0,,0,,0,"{""max"":140,""min"":80}",,0,,,力量驚人的森林猿猴，受到刺激會暴走。,[],https://d2xsxph8kpxj0f.cloudfront.net/310519663104688923/MLF7bLVZzzxdGTPVXTct3c/generated/1774633107777.png,0.12,1,35,40,1,30,5,0,5,150,60,0,0,0,40,初界,1,beast,1,1774283685173
9,M_W009,纏繞草蛇,木,5-5,common,100,16,10,12,22,10,25,20,15,15,15,20,SK_M010,,,,1,1,I_W001,0.135,E_W003,0.06,,0,,0,,0,"{""max"":180,""min"":100}",,0,,,皮毛如鐵木般堅硬的巨熊，是森林的守護者。,[],https://d2xsxph8kpxj0f.cloudfront.net/310519663104688923/MLF7bLVZzzxdGTPVXTct3c/generated/1774633118318.png,0.08,1,35,40,1,30,5,0,5,150,60,0,0,0,40,初界,1,beast,1,1774283685173
10,M_W010,枯木妖,木,7-7,common,120,14,12,5,12,10,30,5,25,10,15,25,SK_M011,,,,1,1.2,I_W001,0.135,E_W001,0.04,,0,,0,,0,"{""max"":220,""min"":120}",,0,,,千年古木凝聚靈氣化身，掌控整片森林。,[],https://d2xsxph8kpxj0f.cloudfront.net/310519663104688923/MLF7bLVZzzxdGTPVXTct3c/generated/1774633131262.png,0.05,1,35,40,1,30,5,0,5,150,60,0,0,0,40,初界,1,beast,1,1774283685173
11,M_W011,古木樹人,木,15-15,rare,250,35,20,8,30,25,40,5,35,15,20,25,SK_M012,SK_M013,,,2,1.2,I_W001,0.135,E_W001,0.04,S_W001,0.018,,0,,0,"{""max"":500,""min"":300}",,0,,,蜘蛛族群的女王，毒液能溶解任何物質。,[],https://d2xsxph8kpxj0f.cloudfront.net/310519663104688923/MLF7bLVZzzxdGTPVXTct3c/generated/1774633187272.png,0.05,1,20,60,1,30,5,0,5,150,70,0,0,0,30,初界,1,beast,1,1774283685173
12,M_W012,毒霧蘑菇精,木,14-14,rare,250,28,18,10,25,35,35,5,20,20,25,20,SK_M014,SK_M015,,,2,1.2,I_W001,0.135,E_W001,0.04,S_W001,0.018,,0,,0,"{""max"":450,""min"":280}",,0,,,翡翠色鱗片的巨龍，是木屬性最強的存在之一。,[],,0.02,1,20,60,1,30,5,0,5,150,70,0,0,0,30,初界,1,beast,1,1774283685173
13,M_W013,巨型捕蠅草,木,18-18,rare,250,40,15,12,28,20,30,10,20,15,20,20,SK_M016,,,,2,1.5,I_W010,0.096,E_W001,0.04,S_W001,0.018,,0,,0,"{""max"":550,""min"":350}",,0,,,連接天地的世界樹，幾乎無法被擊倒。,[],,0.01,1,20,60,1,30,5,0,5,150,70,0,0,0,30,初界,1,beast,1,1774283685173
14,M_W014,荊棘野豬,木,16-16,rare,250,30,25,15,25,10,25,15,25,20,15,20,SK_M017,SK_M018,,,2,1.2,I_W010,0.096,E_W001,0.04,S_W001,0.018,,0,,0,"{""max"":500,""min"":320}",,0,,,失去理智的花之女神，美麗而危險。,[],,0.01,1,20,60,1,30,5,0,5,150,70,0,0,0,30,初界,1,beast,1,1774283685173
15,M_W015,幻影螳螂,木,20-20,rare,200,40,10,18,35,15,20,20,15,20,20,15,SK_M019,SK_M020,,,2,1.5,I_W010,0.096,E_W001,0.04,S_W001,0.018,,0,,0,"{""max"":600,""min"":380}",,0,,,春分時節出現的特殊木靈，帶有強烈的生命氣息。,"[""I_W041""]",,0.06,1,20,60,1,30,5,0,5,150,70,0,0,0,30,初界,1,beast,1,1774283685173
16,M_W016,腐毒沼澤怪,木,22-22,rare,250,25,25,5,20,30,35,5,30,15,25,25,SK_M021,,,,2,1.2,I_W010,0.096,E_W004,0.043,S_W004,0.03,,0,,0,"{""max"":650,""min"":400}",,0,,,驚蟄時節由雷電與木氣融合而成的特殊怪物。,"[""I_W042""]",,0.05,1,20,60,1,30,5,0,5,150,70,0,0,0,30,初界,1,beast,1,1774283685173
17,M_W017,狂暴森猿,木,20-20,rare,250,40,20,18,30,15,25,15,20,15,15,20,SK_M022,,,,2,1.2,I_W010,0.096,E_W001,0.04,S_W001,0.018,,0,,0,"{""max"":580,""min"":360}",,0,,,隱藏在迷霧中的樹妖，能製造幻覺迷惑旅人。,"[""I_W043""]",,0.06,1,20,60,1,30,5,0,5,150,70,0,0,0,30,初界,1,beast,1,1774283685173
18,M_W018,劇毒蜈蚣,木,24-24,rare,250,40,12,18,40,20,15,25,20,20,10,15,SK_M023,SK_M024,,,2,1.5,I_W010,0.096,E_W004,0.043,S_W004,0.03,,0,,0,"{""max"":700,""min"":450}",,0,,,統治毒沼的強大生物，全身劇毒。,"[""I_W044""]",,0.04,1,20,60,1,30,5,0,5,150,70,0,0,0,30,初界,1,beast,1,1774283685173
19,M_W019,寄生藤蔓,木,23-23,rare,220,35,15,18,28,30,40,5,25,15,20,20,SK_M025,,,,2,1.2,I_W010,0.096,E_W004,0.043,S_W004,0.03,,0,,0,"{""max"":680,""min"":420}",,0,,,傳說中帶來幸運的四葉草精靈，極難捕捉。,"[""I_W045""]",,0.03,1,20,60,1,30,5,0,5,150,70,0,0,0,30,初界,1,beast,1,1774283685173
20,M_W020,千年木靈王,木,25-25,rare,250,40,25,8,25,40,50,0,30,15,20,25,SK_M026,SK_M027,,,2,1.5,I_W010,0.096,E_W004,0.043,S_W004,0.03,,0,,0,"{""max"":800,""min"":500}",,0,,,小型木系精靈，棲息在樹木繁茂的地方。,[],,0.35,1,20,60,1,30,5,0,5,150,70,0,0,0,30,初界,1,beast,1,1774283685173
21,M_F001,烈焰蜥,火,4-4,common,110,20,8,12,22,15,15,30,25,10,5,25,SK_F001,,,,1,1,I_F001,0.135,E_F031,0.06,,0,,0,,0,"{""max"":150,""min"":80}",,0,,,身體燃燒著小火焰的史萊姆，接觸會造成灼傷。,[],,0.5,1,35,40,1,30,5,0,5,150,0,60,0,40,0,初界,1,beast,1,1774283685173
22,M_F002,灰燼史萊姆,火,3-3,common,120,10,12,8,10,20,10,35,15,15,5,20,SK_F002,,,,1,1,I_F001,0.135,I_F011,0.135,,0,,0,,0,"{""max"":120,""min"":60}",,0,,,皮膚如熔岩般的蜥蜴，棲息在高溫環境。,[],https://d2xsxph8kpxj0f.cloudfront.net/310519663104688923/MLF7bLVZzzxdGTPVXTct3c/generated/1774721848432.png,0.4,1,35,40,1,30,5,0,5,150,0,60,0,40,0,初界,1,beast,1,1774283685173
23,M_F003,灼熱蜜蜂,火,5-5,common,80,20,5,12,28,10,15,25,20,10,5,15,SK_F003,,,,1,1.2,I_F001,0.135,E_F031,0.06,,0,,0,,0,"{""max"":170,""min"":90}",,0,,,尾巴像爆竹的老鼠，受到威脅時會爆炸。,[],,0.4,1,35,40,1,30,5,0,5,150,0,60,0,40,0,初界,1,beast,1,1774283685173
24,M_F004,熔岩蛙,火,6-6,common,120,18,12,12,18,20,10,35,20,10,0,30,SK_F004,,,,1,1,I_F001,0.135,E_F002,0.04,,0,,0,,0,"{""max"":200,""min"":100}",,0,,,鳳凰的幼體，羽毛散發著耀眼的火光。,[],,0.2,1,35,40,1,30,5,0,5,150,0,60,0,40,0,初界,1,beast,1,1774283685173
25,M_F005,火焰鼠,火,2-5,common,150,23,6,20,25,35,15,25,15,10,5,20,SK_F005,,,,1,1,I_F001,0.135,I_F011,0.135,,0,,0,,0,"{""max"":110,""min"":55}",,0,,[],全身被火焰包裹的蠍子，毒刺帶有燃燒效果。,[],https://d2xsxph8kpxj0f.cloudfront.net/310519663104688923/MLF7bLVZzzxdGTPVXTct3c/generated/1774721726306.png,0.18,1,35,40,1,30,5,0,5,150,0,60,0,40,0,初界,1,beast,1,1774283685173
26,M_F006,煤炭甲蟲,火,7-7,common,120,12,12,6,14,10,10,40,20,5,0,25,SK_F006,,,,1,1.2,I_F001,0.135,E_F002,0.04,,0,,0,,0,"{""max"":210,""min"":110}",,0,,,由熔岩凝固而成的巨石怪，防禦力極高。,[],,0.15,1,35,40,1,30,5,0,5,150,0,60,0,40,0,初界,1,beast,1,1774283685173
27,M_F007,爆裂蒲公英,火,3-3,common,65,20,4,12,18,22,20,30,10,10,5,15,SK_F007,,,,1,1,I_F001,0.135,I_F011,0.135,,0,,0,,0,"{""max"":140,""min"":70}",,0,,,掌握爆炎魔法的術士，攻擊力強但防禦薄弱。,[],,0.15,1,35,40,1,30,5,0,5,150,0,60,0,40,0,初界,1,beast,1,1774283685173
28,M_F008,餘燼鴉,火,5-5,common,85,20,7,12,24,14,10,28,15,15,5,20,SK_F008,,,,1,1.2,I_F001,0.135,E_F031,0.06,,0,,0,,0,"{""max"":170,""min"":90}",,0,,,血液沸騰的狂戰士，越受傷攻擊力越強。,[],,0.12,1,35,40,1,30,5,0,5,150,0,60,0,40,0,初界,1,beast,1,1774283685173
29,M_F009,火甲蟹,火,6-6,common,120,14,12,10,16,12,10,32,18,10,5,20,SK_F009,,,,1,1,I_F001,0.135,E_F002,0.04,,0,,0,,0,"{""max"":190,""min"":100}",,0,,,熔岩史萊姆的王者，體型巨大且能分裂。,[],,0.08,1,35,40,1,30,5,0,5,150,0,60,0,40,0,初界,1,beast,1,1774283685173
30,M_F010,火山蛾,火,4-4,common,70,18,5,12,20,25,15,35,10,10,0,25,SK_F010,,,,1,1,I_F001,0.135,E_F031,0.06,,0,,0,,0,"{""max"":160,""min"":85}",,0,,,沐浴在太陽光輝中的鳳凰，能召喚烈日。,[],,0.05,1,35,40,1,30,5,0,5,150,0,60,0,40,0,初界,1,beast,1,1774283685173
31,M_F011,熔岩巨人,火,15-15,rare,250,40,25,6,28,30,10,50,30,10,0,30,SK_F011,SK_F012,,,2,1.2,I_F001,0.135,E_F001,0.043,S_F001,0.024,,0,,0,"{""max"":520,""min"":320}",,0,,,統治火焰領域的魔王，力量足以焚燒城市。,[],,0.04,1,20,60,1,30,5,0,5,150,0,70,0,30,0,初界,1,beast,1,1774283685173
32,M_F012,爆焰元素,火,16-16,rare,250,35,10,18,35,45,15,45,15,15,0,25,SK_F013,SK_F014,,,2,1.5,I_F026,0.08,E_F001,0.043,S_F001,0.024,,0,,0,"{""max"":560,""min"":350}",,0,,,沉睡在火山中的巨龍，甦醒時引發火山爆發。,[],,0.02,1,20,60,1,30,5,0,5,150,0,70,0,30,0,初界,1,beast,1,1774283685173
33,M_F013,炎獄犬,火,18-18,rare,250,40,18,18,38,20,10,48,20,12,0,25,SK_F015,SK_F016,,,2,1.2,I_F026,0.08,E_F001,0.043,S_F001,0.024,,0,,0,"{""max"":640,""min"":400}",,0,,,九條尾巴各自燃燒著不同顏色火焰的神狐。,[],,0.01,1,20,60,1,30,5,0,5,150,0,70,0,30,0,初界,1,beast,1,1774283685173
34,M_F014,火山蝸牛,火,14-14,rare,250,25,25,5,20,30,5,55,25,5,0,35,SK_F017,SK_F018,,,2,1.2,I_F001,0.135,E_F001,0.043,S_F001,0.024,,0,,0,"{""max"":480,""min"":300}",,0,,,守衛煉獄之門的三頭地獄犬，三個頭各有不同能力。,[],,0.01,1,20,60,1,30,5,0,5,150,0,70,0,30,0,初界,1,beast,1,1774283685173
35,M_F015,火焰鴆,火,20-20,rare,220,40,8,18,38,30,15,42,15,12,0,20,SK_F019,SK_F020,,,2,1.5,I_F026,0.08,E_F001,0.043,S_F001,0.024,,0,,0,"{""max"":680,""min"":420}",,0,,,夏至時節出現的特殊火靈，帶有強烈的炎熱氣息。,"[""I_F041""]",,0.06,1,20,60,1,30,5,0,5,150,0,70,0,30,0,初界,1,beast,1,1774283685173
36,M_F016,熔岩龜,火,17-17,rare,250,22,25,5,18,25,5,55,28,5,0,35,SK_F021,,,,2,1.2,I_F026,0.08,E_F001,0.043,S_F001,0.024,,0,,0,"{""max"":600,""min"":380}",,0,,,由烈日蜃景凝聚而成，能製造幻覺。,"[""I_F042""]",,0.05,1,20,60,1,30,5,0,5,150,0,70,0,30,0,初界,1,beast,1,1774283685173
37,M_F017,烈焰蝙蝠群,火,13-13,rare,180,30,8,18,30,20,12,38,15,15,0,20,SK_F022,SK_F023,,,2,1.2,I_F001,0.135,E_F001,0.043,S_F001,0.024,,0,,0,"{""max"":460,""min"":290}",,0,,,灶神派遣的使者，掌管人間的火與食物。,"[""I_F043""]",,0.05,1,20,60,1,30,5,0,5,150,0,70,0,30,0,初界,1,beast,1,1774283685173
38,M_F018,火山口龍,火,22-22,rare,250,40,22,18,40,35,10,50,20,10,0,25,SK_F024,SK_F025,,,2,1.5,I_F026,0.08,E_F001,0.043,S_F001,0.024,,0,,0,"{""max"":780,""min"":480}",,0,,,帶著劫火的紅色狐狸，所到之處皆成焦土。,"[""I_F044""]",,0.04,1,20,60,1,30,5,0,5,150,0,70,0,30,0,初界,1,beast,1,1774283685173
39,M_F019,火山毒蜂后,火,24-24,rare,250,40,12,18,42,25,15,45,15,10,0,20,SK_F026,SK_F027,,,2,1.2,I_F026,0.08,E_F001,0.043,S_F001,0.024,,0,,0,"{""max"":800,""min"":500}",,0,,,棲息在溫泉中的精靈，帶有治癒與灼傷雙重能力。,"[""I_F045""]",,0.15,1,20,60,1,30,5,0,5,150,0,70,0,30,0,初界,1,beast,1,1774283685173
40,M_F020,焰凰（迷你）,火,25-25,rare,250,40,15,18,42,48,20,60,10,15,0,30,SK_F028,SK_F029,,,2,2,I_F026,0.08,E_F001,0.043,S_F001,0.024,,0,,0,"{""max"":950,""min"":600}",,0,,,小型火焰精靈，棲息在溫暖的地方。,[],,0.35,1,20,60,1,30,5,0,5,150,0,70,0,30,0,初界,1,beast,1,1774283685173
41,M_E001,岩蜥,土,4-4,common,120,16,12,10,18,8,15,15,35,10,10,20,SK_E001,,,,1,1,I_E001,0.135,E_E001,0.06,,0,,0,,0,"{""max"":150,""min"":80}",,0,,,由泥土凝聚而成的怪物，防禦力不錯。,[],,0.5,1,35,40,1,30,5,0,5,150,40,0,60,0,0,初界,1,beast,1,1774283685173
42,M_E002,土塊史萊姆,土,2-2,common,120,8,12,5,10,5,15,10,40,10,5,20,SK_E002,,,,1,1,I_E001,0.135,I_E011,0.135,,0,,0,,0,"{""max"":110,""min"":55}",,0,,,由碎石聚集而成，攻擊時會噴出石塊。,[],,0.4,1,35,40,1,30,5,0,5,150,40,0,60,0,0,初界,1,beast,1,1774283685173
43,M_E003,砂蟻,土,5-5,common,100,20,10,12,20,6,15,15,30,10,10,15,SK_E003,,,,1,1,I_E001,0.135,E_E001,0.06,,0,,0,,0,"{""max"":170,""min"":90}",,0,,,鱗片堅硬的穿山甲，能挖掘地道突襲敵人。,[],,0.4,1,35,40,1,30,5,0,5,150,40,0,60,0,0,初界,1,beast,1,1774283685173
44,M_E004,石甲鼠,土,6-6,common,120,12,12,8,14,5,15,10,35,10,10,20,SK_E004,,,,1,1.2,I_E001,0.135,E_E001,0.06,,0,,0,,0,"{""max"":200,""min"":105}",,0,,,由山岳岩石化身而成，防禦力極強。,[],,0.2,1,35,40,1,30,5,0,5,150,40,0,60,0,0,初界,1,beast,1,1774283685173
45,M_E005,泥巴怪,土,3-3,common,120,10,12,8,12,8,18,5,32,12,12,15,SK_E005,,,,1,1,I_E001,0.135,I_E011,0.135,,0,,0,,0,"{""max"":125,""min"":65}",,0,,,全身金黃色的蟾蜍，帶來財富也帶來詛咒。,[],,0.18,1,35,40,1,30,5,0,5,150,40,0,60,0,0,初界,1,beast,1,1774283685173
46,M_E006,砂丘蛇,土,7-7,common,115,18,12,12,20,8,12,12,28,10,8,15,SK_E006,,,,1,1,I_E001,0.135,E_E001,0.06,,0,,0,,0,"{""max"":215,""min"":115}",,0,,,鱗片如鋼鐵般堅硬的穿山甲，幾乎無法被穿透。,[],,0.15,1,35,40,1,30,5,0,5,150,40,0,60,0,0,初界,1,beast,1,1774283685173
47,M_E007,蜂窩岩,土,4-4,common,120,14,12,6,14,10,10,10,38,8,10,20,SK_E007,,,,1,1,I_E001,0.135,E_E001,0.06,,0,,0,,0,"{""max"":165,""min"":88}",,0,,,棲息在泥沼中的巨大怪物，能吸入敵人。,[],,0.15,1,35,40,1,30,5,0,5,150,40,0,60,0,0,初界,1,beast,1,1774283685173
48,M_E008,土撥鼠群,土,5-5,common,105,16,10,12,18,8,15,10,30,12,10,15,SK_E008,,,,1,1.2,I_E001,0.135,E_E001,0.06,,0,,0,,0,"{""max"":180,""min"":95}",,0,,,古代兵馬俑復活的戰士，忠實執行命令。,[],,0.12,1,35,40,1,30,5,0,5,150,40,0,60,0,0,初界,1,beast,1,1774283685173
49,M_E009,碎岩蜂,土,6-6,common,88,20,6,12,22,12,12,12,28,10,8,15,SK_E009,,,,1,1,I_E001,0.135,E_E001,0.06,,0,,0,,0,"{""max"":195,""min"":102}",,0,,,全身由晶石構成的巨獸，能反射魔法攻擊。,[],,0.08,1,35,40,1,30,5,0,5,150,40,0,60,0,0,初界,1,beast,1,1774283685173
50,M_E010,黏土傀儡,土,8-8,common,120,15,12,5,12,10,12,8,40,8,12,25,SK_E010,,,,1,1.2,I_E001,0.135,E_E001,0.06,,0,,0,,0,"{""max"":235,""min"":125}",,0,,,大地的化身，掌控土地的生死。,[],,0.05,1,35,40,1,30,5,0,5,150,40,0,60,0,0,初界,1,beast,1,1774283685173
51,M_E011,山嶺巨人,土,16-16,rare,250,38,25,5,28,20,15,15,50,10,15,30,SK_E011,SK_E012,,,2,1.2,I_E026,0.08,E_E001,0.06,S_E001,0.024,,0,,0,"{""max"":580,""min"":360}",,0,,,上古時代的泰坦神，力量足以移山填海。,[],,0.04,1,20,60,1,30,5,0,5,150,30,0,70,0,0,初界,1,beast,1,1774283685173
52,M_E012,砂暴元素,土,18-18,rare,250,32,12,18,30,42,12,20,42,12,5,25,SK_E013,SK_E014,,,2,1.5,I_E026,0.08,E_E001,0.06,S_E001,0.024,,0,,0,"{""max"":640,""min"":400}",,0,,,沙漠中的死神化身，帶走所有踏入沙漠的生命。,[],,0.02,1,20,60,1,30,5,0,5,150,30,0,70,0,0,初界,1,beast,1,1774283685173
53,M_E013,甲蟲王,土,20-20,rare,250,40,25,8,30,15,15,12,48,10,12,30,SK_E015,SK_E016,,,2,1.2,I_E026,0.08,E_E002,0.043,S_E001,0.024,,0,,0,"{""max"":700,""min"":440}",,0,,,萬年不死的玄武神獸，龜殼可抵擋任何攻擊。,[],,0.01,1,20,60,1,30,5,0,5,150,30,0,70,0,0,初界,1,beast,1,1774283685173
54,M_E014,泥沼領主,土,22-22,rare,250,28,25,6,22,35,20,5,52,8,20,30,SK_E017,SK_E018,,,2,1.2,I_E026,0.08,E_E002,0.043,S_E001,0.024,,0,,0,"{""max"":740,""min"":460}",,0,,,兵馬俑軍團的統帥，指揮千軍萬馬。,[],,0.01,1,20,60,1,30,5,0,5,150,30,0,70,0,0,初界,1,beast,1,1774283685173
55,M_E015,砂龍,土,24-24,rare,250,40,20,18,38,25,10,18,45,10,8,25,SK_E019,SK_E020,,,2,1.5,I_E026,0.08,E_E002,0.043,S_E001,0.024,,0,,0,"{""max"":820,""min"":520}",,0,,,秋分時節出現的特殊土靈，帶有豐收的氣息。,"[""I_E041""]",,0.06,1,20,60,1,30,5,0,5,150,30,0,70,0,0,初界,1,beast,1,1774283685173
56,M_E016,黏土巨魔,土,21-21,rare,250,35,25,5,25,20,15,8,55,8,15,35,SK_E021,,,,2,1.2,I_E026,0.08,E_E002,0.043,S_E001,0.024,,0,,0,"{""max"":720,""min"":450}",,0,,,傳說中能帶來財富的金蟾，擊敗可得大量靈石。,"[""I_E042""]",,0.05,1,20,60,1,30,5,0,5,150,30,0,70,0,0,初界,1,beast,1,1774283685173
57,M_E017,地震蛙,土,19-19,rare,250,40,18,18,32,18,15,15,42,10,10,20,SK_E022,SK_E023,,,2,1.2,I_E026,0.08,E_E002,0.043,S_E001,0.024,,0,,0,"{""max"":660,""min"":410}",,0,,,守護古老建築的土靈，對入侵者毫不留情。,"[""I_E043""]",,0.05,1,20,60,1,30,5,0,5,150,30,0,70,0,0,初界,1,beast,1,1774283685173
58,M_E018,荒原狼王,土,23-23,rare,250,40,22,18,38,15,12,15,38,12,8,20,SK_E024,SK_E025,,,2,1.5,I_E026,0.08,E_E002,0.043,S_E001,0.024,,0,,0,"{""max"":780,""min"":490}",,0,,,迷失方向的地精，雖然弱小但知道很多秘密。,"[""I_E044""]",,0.2,1,20,60,1,30,5,0,5,150,30,0,70,0,0,初界,1,beast,1,1774283685173
59,M_E019,石像鬼,土,25-25,rare,250,40,25,10,30,30,10,20,50,8,10,30,SK_E026,SK_E027,,,2,2,I_E026,0.08,E_E002,0.043,S_E001,0.024,,0,,0,"{""max"":920,""min"":580}",,0,,,遠古生物的化石甦醒，帶有上古時代的力量。,"[""I_E045""]",,0.04,1,20,60,1,30,5,0,5,150,30,0,70,0,0,初界,1,beast,1,1774283685173
60,M_E020,遠古山神,土,32-32,epic,400,65,40,10,90,100,20,15,65,15,20,40,SK_E028,SK_E029,SK_E030,,3,2,E_E017,0.008,S_E005,0.015,E_E032,0.017,E_E033,0.02,,0,"{""max"":15000,""min"":8000}",E_W017,0.0024,,,小型土系精靈，棲息在土地肥沃的地方。,[],,0.35,1,10,50,1,30,5,0,5,150,10,0,90,0,0,初界,1,beast,1,1774283685173
61,M_M001,鐵殼蝸牛,金,4-4,common,120,10,12,5,14,5,10,8,10,35,15,20,SK_M001,,,,1,1,I_M001,0.135,E_W003,0.06,,0,,0,,0,"{""max"":160,""min"":85}",,0,,,由齒輪組成的機械怪物，攻擊精準。,[],,0.5,1,35,40,1,30,5,0,5,150,0,0,40,60,0,初界,1,beast,1,1774283685173
62,M_M002,銅幣怪,金,2-2,common,80,15,8,12,20,10,10,10,8,28,15,15,SK_M002,,,,1,1,I_M001,0.135,I_M011,0.135,,0,,0,,0,"{""max"":200,""min"":100}",,0,,,能發射電磁針的蜜蜂，攻擊有麻痺效果。,[],,0.4,1,35,40,1,30,5,0,5,150,0,0,40,60,0,初界,1,beast,1,1774283685173
63,M_M003,齒輪史萊姆,金,5-5,common,100,12,12,10,16,15,8,8,10,32,12,15,SK_M003,,,,1,1,I_M001,0.135,E_W003,0.06,,0,,0,,0,"{""max"":180,""min"":95}",,0,,,雙臂如剪刀的螳螂，暴擊率極高。,[],,0.4,1,35,40,1,30,5,0,5,150,0,0,40,60,0,初界,1,beast,1,1774283685173
64,M_M004,鐵甲蟲,金,6-6,common,120,14,12,6,14,6,8,5,10,38,12,20,SK_M004,,,,1,1,I_M001,0.135,E_M002,0.04,,0,,0,,0,"{""max"":205,""min"":108}",,0,,,羽毛如銀劍的鷹，俯衝攻擊速度極快。,[],,0.2,1,35,40,1,30,5,0,5,150,0,0,40,60,0,初界,1,beast,1,1774283685173
65,M_M005,青銅傀儡,金,7-7,common,120,18,12,8,16,10,10,5,10,36,12,20,SK_M005,,,,1,1.2,I_M001,0.135,E_M002,0.04,,0,,0,,0,"{""max"":225,""min"":120}",,0,,,速度如閃電的貂，能在瞬間完成多次攻擊。,[],,0.18,1,35,40,1,30,5,0,5,150,0,0,40,60,0,初界,1,beast,1,1774283685173
66,M_M006,銀絲蜘蛛,金,3-3,common,70,20,6,12,22,12,10,8,8,30,15,15,SK_M006,,,,1,1,I_M001,0.135,I_M011,0.135,,0,,0,,0,"{""max"":148,""min"":78}",,0,,,由鋼鐵鑄造的魔像，幾乎無法被物理攻擊傷害。,[],,0.15,1,35,40,1,30,5,0,5,150,0,0,40,60,0,初界,1,beast,1,1774283685173
67,M_M007,鐵釘刺蝟,金,5-5,common,110,18,12,12,18,8,8,6,10,34,12,15,SK_M007,,,,1,1,I_M001,0.135,E_W003,0.06,,0,,0,,0,"{""max"":185,""min"":98}",,0,,,節肢如鏈鋸的蜈蚣，攻擊造成流血效果。,[],,0.15,1,35,40,1,30,5,0,5,150,0,0,40,60,0,初界,1,beast,1,1774283685173
68,M_M008,齒輪甲蟲,金,4-4,common,95,16,12,10,16,10,8,5,10,36,12,15,SK_M008,,,,1,1,I_M001,0.135,E_W003,0.06,,0,,0,,0,"{""max"":168,""min"":88}",,0,,,能發射磁暴的機器人，使金屬裝備失效。,[],,0.12,1,35,40,1,30,5,0,5,150,0,0,40,60,0,初界,1,beast,1,1774283685173
69,M_M009,硬幣甲蟲,金,6-6,common,115,15,12,8,15,10,8,6,10,38,12,18,SK_M009,,,,1,1,I_M001,0.135,E_M002,0.04,,0,,0,,0,"{""max"":210,""min"":110}",,0,,,使用飛刃的刺客，閃避率極高。,[],,0.08,1,35,40,1,30,5,0,5,150,0,0,40,60,0,初界,1,beast,1,1774283685173
70,M_M010,釘耙貓,金,7-7,common,105,20,10,12,22,12,10,8,8,30,15,15,SK_M010,,,,1,1,I_M001,0.135,E_M002,0.04,,0,,0,,0,"{""max"":240,""min"":128}",,0,,,金色鱗片的天命金龍，象徵財富與力量。,[],,0.05,1,35,40,1,30,5,0,5,150,0,0,40,60,0,初界,1,beast,1,1774283685173
71,M_M011,青銅戰士,金,15-15,rare,250,38,25,10,32,15,10,10,12,48,15,25,SK_M011,SK_M012,,,2,1.2,I_M001,0.135,E_M001,0.043,S_M001,0.024,,0,,0,"{""max"":560,""min"":350}",,0,,,傳說中劍聖的靈魂，劍術已達化境。,[],,0.04,1,20,60,1,30,5,0,5,150,0,0,30,70,0,初界,1,beast,1,1774283685173
72,M_M012,齒輪領主,金,17-17,rare,250,40,18,18,38,25,8,8,10,52,12,20,SK_M013,SK_M014,,,2,1.2,I_M026,0.08,E_M001,0.043,S_M001,0.024,,0,,0,"{""max"":620,""min"":390}",,0,,,上古時代的巨型機械兵器，破壞力驚人。,[],,0.02,1,20,60,1,30,5,0,5,150,0,0,30,70,0,初界,1,beast,1,1774283685173
73,M_M013,鋼鐵蜥蜴,金,18-18,rare,250,40,25,18,35,18,10,8,12,50,12,25,SK_M015,SK_M016,,,2,1.5,I_M026,0.08,E_M001,0.043,S_M001,0.024,,0,,0,"{""max"":655,""min"":410}",,0,,,統治閃電的鳥王，速度超越任何生物。,[],,0.01,1,20,60,1,30,5,0,5,150,0,0,30,70,0,初界,1,beast,1,1774283685173
74,M_M014,銀幣元素,金,19-19,rare,240,35,12,18,35,40,10,8,10,48,15,20,SK_M017,SK_M018,,,2,1.2,I_M026,0.08,E_M001,0.043,S_M001,0.024,,0,,0,"{""max"":670,""min"":420}",,0,,,掌控萬千刀刃的強者，攻擊無法被格擋。,[],,0.01,1,20,60,1,30,5,0,5,150,0,0,30,70,0,初界,1,beast,1,1774283685173
75,M_M015,金屬巨蠍,金,21-21,rare,250,40,25,18,40,20,8,8,12,52,12,25,SK_M019,SK_M020,,,2,1.5,I_M026,0.08,E_M001,0.043,S_M001,0.024,,0,,0,"{""max"":735,""min"":460}",,0,,,立秋時節出現的特殊金靈，帶有秋收的氣息。,"[""I_M041""]",,0.06,1,20,60,1,30,5,0,5,150,0,0,30,70,0,初界,1,beast,1,1774283685173
76,M_M016,齒輪守護者,金,20-20,rare,250,38,25,8,30,22,8,6,10,55,12,30,SK_M021,SK_M022,,,2,1.2,I_M026,0.08,E_M001,0.043,S_M001,0.024,,0,,0,"{""max"":700,""min"":440}",,0,,,傳說中能招來財富的貓，擊敗後能提升金幣掉落。,"[""I_M042""]",,0.15,1,20,60,1,30,5,0,5,150,0,0,30,70,0,初界,1,beast,1,1774283685173
77,M_M017,青銅龍,金,23-23,rare,250,40,22,18,42,28,10,12,12,50,12,25,SK_M023,SK_M024,,,2,1.5,I_M026,0.08,E_M001,0.043,S_M001,0.024,,0,,0,"{""max"":800,""min"":500}",,0,,,守衛金庫的精英士兵，裝備精良。,"[""I_M043""]",,0.05,1,20,60,1,30,5,0,5,150,0,0,30,70,0,初界,1,beast,1,1774283685173
78,M_M018,白銀刺客,金,22-22,rare,250,40,10,18,48,20,10,8,8,45,15,20,SK_M025,SK_M026,,,2,1.5,I_M026,0.08,E_M001,0.043,S_M001,0.024,,0,,0,"{""max"":770,""min"":480}",,0,,,程序出錯而迷路的機器人，內含珍貴晶片。,"[""I_M044""]",,0.18,1,20,60,1,30,5,0,5,150,0,0,30,70,0,初界,1,beast,1,1774283685173
79,M_M019,煉金術士亡靈,金,24-24,rare,250,35,15,18,35,50,12,10,12,48,15,20,SK_M027,SK_M028,,,2,1.2,I_M026,0.08,E_M001,0.043,S_M001,0.024,,0,,0,"{""max"":830,""min"":520}",,0,,,古代劍士的靈魂附著在生鏽的劍上，等待被解放。,"[""I_M045""]",,0.04,1,20,60,1,30,5,0,5,150,0,0,30,70,0,初界,1,beast,1,1774283685173
80,M_M020,金之領主,金,32-32,epic,400,65,40,20,120,80,15,15,15,70,20,40,SK_M029,SK_M030,SK_M031,,3,2,E_M017,0.008,S_M007,0.009,E_M021,0.008,E_M031,0.03,,0,"{""max"":22000,""min"":12000}",E_W017,0.0024,,,小型金系精靈，棲息在金屬豐富的地方。,[],,0.35,1,10,50,1,30,5,0,5,150,0,0,10,90,0,初界,1,beast,1,1774283685173
81,M_W051,泡沫史萊姆,水,1-3,common,32,5,4,9,80,8,0,0,0,0,0,50,SK_M001,,,,1,1,I_W051,0.135,I_W061,0.135,,0,,0,,0,,,0,,,全身由泡沫組成的史萊姆，接觸會造成輕微冰凍。,[],,0.5,1,35,40,1,30,5,0,5,150,40,0,0,0,60,初界,1,beast,1,1774283685173
82,M_W052,冰霜蝙蝠,水,2-5,common,35,7,3,12,80,8,0,0,0,0,0,50,SK_M002,,,,1,1,I_W051,0.135,E_W003,0.06,,0,,0,,0,,,0,,,棲息在陰暗洞穴的冰霜蝙蝠，攻擊帶有冰凍效果。,[],,0.4,1,35,40,1,30,5,0,5,150,40,0,0,0,60,初界,1,beast,1,1774283685173
83,M_W053,貝殼妖,水,3-6,common,65,6,12,5,80,8,0,0,0,0,0,50,SK_M003,,,,1,1,I_W051,0.135,E_Wt001,0.05,,0,,0,,0,,,0,,,躲在貝殼裡的妖怪，防禦力極強。,[],,0.4,1,35,40,1,30,5,0,5,150,40,0,0,0,60,初界,1,beast,1,1774283685173
84,M_W054,深淵鯨靈,水,5-10,rare,180,15,20,12,80,8,0,0,0,0,0,50,SK_M004,SK_M005,,,2,1,I_W051,0.135,E_W051,0.043,S_W051,0.024,,0,,0,,,0,,,深海鯨魚的靈魂，能召喚水流攻擊敵人。,[],,0.2,1,20,60,1,30,5,0,5,150,30,0,0,0,70,初界,1,beast,1,1774283685173
85,M_W055,冰霜狼群,水,6-12,rare,130,22,12,18,80,8,0,0,0,0,0,50,SK_M006,SK_M007,,,2,1,I_W051,0.135,E_W051,0.043,S_W051,0.024,,0,,0,,,0,,,在冰雪中奔跑的狼群，集體攻擊威力驚人。,[],,0.18,1,20,60,1,30,5,0,5,150,30,0,0,0,70,初界,1,beast,1,1774283685173
86,M_W056,巨型章魚,水,8-15,rare,220,25,22,10,80,8,0,0,0,0,0,50,SK_M008,SK_M009,,,2,1,I_W051,0.135,E_W051,0.043,S_W051,0.024,,0,,0,,,0,,,觸手眾多的巨型章魚，能同時攻擊多個目標。,[],,0.15,1,20,60,1,30,5,0,5,150,30,0,0,0,70,初界,1,beast,1,1774283685173
87,M_W057,寒冰法師,水,10-16,rare,140,40,10,14,80,8,0,0,0,0,0,50,SK_M010,SK_M011,,,2,1,I_W051,0.135,E_W051,0.043,S_W051,0.024,,0,,0,,,0,,,掌握冰系魔法的法師，能凍結一切。,[],,0.15,1,20,60,1,30,5,0,5,150,30,0,0,0,70,初界,1,beast,1,1774283685173
88,M_W058,漩渦水妖,水,12-18,rare,200,30,18,16,80,8,0,0,0,0,0,50,SK_M012,SK_M013,,,2,1,I_W051,0.135,E_W051,0.043,S_W051,0.024,,0,,0,,,0,,,能製造漩渦的水妖，將敵人吸入深淵。,[],,0.12,1,20,60,1,30,5,0,5,150,30,0,0,0,70,初界,1,beast,1,1774283685173
89,M_W059,毒刺海膽,水,8-14,rare,160,20,25,6,80,8,0,0,0,0,0,50,SK_M014,SK_M015,,,2,1,I_W051,0.135,E_W051,0.043,S_W051,0.024,,0,,0,,,0,,,全身佈滿毒刺的海膽，接觸即中毒。,[],,0.15,1,20,60,1,30,5,0,5,150,30,0,0,0,70,初界,1,beast,1,1774283685173
90,M_W060,虛空深淵主,水,20-30,elite,350,55,35,20,80,8,0,0,0,0,0,50,SK_M016,SK_M017,SK_M018,,2,1,I_W076,0.08,E_W051,0.043,S_W051,0.024,,0,,0,,,0,,,統治虛空深淵的強者，能操控時空。,[],,0.05,1,10,80,1,30,5,0,5,150,20,0,0,0,80,初界,1,beast,1,1774283685173
91,M_W061,冰霜巨龍,水,30-40,legendary,50000,80,50,22,80,8,0,0,0,0,0,50,SK_M019,SK_M020,SK_M021,,3,1,I_Wt002,0.007,E_W051,0.043,S_W051,0.024,E_W052,0.043,E_W067,0.008,,E_E021,0.0009,,,沉睡在冰川中的巨龍，呼吸能凍結一切。,[],,0.02,0,0,120,1,30,5,0,5,150,0,0,0,0,100,初界,1,beast,1,1774283685173
92,M_W062,海神波塞冬,水,35-45,legendary,50000,80,50,28,80,8,0,0,0,0,0,50,SK_M022,SK_M023,SK_M024,,3,1,I_Wt002,0.007,E_W067,0.008,S_W060,0.01,E_W071,0.008,E_W080,0.003,,E_E021,0.0009,,,海洋之神，掌控所有水域的生死。,[],,0.01,0,0,120,1,30,5,0,5,150,0,0,0,0,100,初界,1,beast,1,1774283685173
93,M_W063,萬年冰川巨獸,水,38-48,legendary,50000,80,50,15,80,8,0,0,0,0,0,50,SK_M025,SK_M026,SK_M027,,3,1,I_Wt002,0.007,E_W067,0.008,S_W060,0.01,E_W071,0.008,E_W080,0.003,,E_E021,0.0009,,,封印在萬年冰川中的上古巨獸，甦醒時引發冰河時代。,[],,0.01,0,0,120,1,30,5,0,5,150,0,0,0,0,100,初界,1,beast,1,1774283685173
94,M_W064,深海克拉肯,水,40-50,legendary,50000,80,50,15,80,8,0,0,0,0,0,50,SK_M028,SK_M029,SK_M030,,3,1,I_Wt002,0.007,E_W067,0.008,S_W060,0.01,E_W071,0.008,E_W080,0.003,,E_E021,0.0009,,,傳說中的深海巨怪，觸手能纏繞整艘船隻。,[],,0.005,0,0,120,1,30,5,0,5,150,0,0,0,0,100,初界,1,beast,1,1774283685173
95,M_W065,冬至冰靈,水,15-20,elite,350,48,35,16,80,8,0,0,0,0,0,50,SK_M031,SK_M032,SK_M033,,2,1,I_W051,0.135,E_W051,0.043,S_W051,0.024,,0,,0,,,0,,,冬至時節出現的特殊冰靈，帶有嚴寒的氣息。,"[""I_W091""]",,0.06,1,10,80,1,30,5,0,5,150,20,0,0,0,80,初界,1,beast,1,1774283685173
96,M_W066,淚之泉精靈,水,18-25,elite,350,52,35,18,80,8,0,0,0,0,0,50,SK_M034,SK_M035,SK_M036,,2,1,I_W076,0.08,E_W051,0.043,S_W051,0.024,,0,,0,,,0,,,棲息在淚之泉的精靈，眼淚有強大的治癒力。,"[""I_W092""]",,0.05,1,10,80,1,30,5,0,5,150,20,0,0,0,80,初界,1,beast,1,1774283685173
97,M_W067,溫泉守護者,水,12-18,rare,250,30,25,12,80,8,0,0,0,0,0,50,SK_M037,SK_M038,,,2,1,I_W051,0.135,E_W051,0.043,S_W051,0.024,,0,,0,,,0,,,守護溫泉的神靈，對入侵者發動攻擊。,"[""I_W093""]",,0.12,1,20,60,1,30,5,0,5,150,30,0,0,0,70,初界,1,beast,1,1774283685173
98,M_W068,迷路的企鵝,水,5-10,rare,100,15,14,10,80,8,0,0,0,0,0,50,SK_M039,SK_M040,,,2,1,I_W051,0.135,E_W051,0.043,S_W051,0.024,,0,,0,,,0,,,迷失在城市中的企鵝，雖然可愛但會攻擊陌生人。,"[""I_W094""]",,0.25,1,20,60,1,30,5,0,5,150,30,0,0,0,70,初界,1,beast,1,1774283685173
99,M_W069,融化的雪人,水,6-12,rare,140,16,16,8,80,8,0,0,0,0,0,50,SK_M041,SK_M042,,,2,1,I_W051,0.135,E_W051,0.043,S_W051,0.024,,0,,0,,,0,,,正在融化的雪人，攻擊時噴出冰水。,"[""I_W095""]",,0.2,1,20,60,1,30,5,0,5,150,30,0,0,0,70,初界,1,beast,1,1774283685173
100,M_W070,水系精靈,水,4-8,common,75,10,10,12,80,8,0,0,0,0,0,50,SK_M043,,,,1,1,I_W051,0.135,E_W051,0.043,,0,,0,,0,,,0,,,小型水系精靈，棲息在水源附近。,[],,0.35,1,35,40,1,30,5,0,5,150,40,0,0,0,60,初界,1,beast,1,1774283685173
211,M_F021,熔岩領主,火,30-30,epic,400,65,40,18,90,120,15,65,30,15,0,35,SK_F030,SK_F031,SK_F032,,3,2,E_F001,0.043,S_F001,0.024,E_F007,0.02,E_F017,0.008,,0,"{""max"":5500,""min"":2500}",E_W017,0.0024,,,,,,0.1,1,10,50,1,30,5,0,5,150,0,90,0,10,0,初界,1,beast,1,1774380508321
212,M_F022,炎龍,火,38-38,epic,400,65,40,25,130,180,20,70,25,20,0,40,SK_F033,SK_F034,SK_F035,,3,2,E_F017,0.008,S_F007,0.01,I_Wt002,0.007,E_F022,0.008,,0,"{""max"":15000,""min"":8000}",E_E021,0.0009,,,,,,0.1,1,10,50,1,30,5,0,5,150,0,90,0,10,0,初界,1,beast,1,1774380508321
213,M_F023,焰鳳凰,火,45-45,epic,400,65,40,25,150,250,30,75,20,25,0,45,SK_F036,SK_F037,SK_F038,,3,3,E_F017,0.008,I_Wt002,0.007,S_W020,0.008,E_F022,0.008,,0,"{""max"":25000,""min"":15000}",E_E021,0.0009,,,,,,0.1,1,10,50,1,30,5,0,5,150,0,90,0,10,0,初界,1,beast,1,1774380508321
214,M_F024,世界Boss・炎之滅世龍,火,60-60,legendary,50000,80,50,30,300,550,35,80,45,30,10,50,SK_F039,SK_F040,SK_F041,,3,3,,0,,0,,0,,0,,0,"{""max"":150000,""min"":80000}",,0,,,,,,0.1,0,0,120,1,30,5,0,5,150,0,100,0,0,0,初界,1,beast,1,1774380508321
220,M_E021,土龍王,土,40-40,epic,400,65,40,20,130,140,25,20,70,15,15,45,SK_E031,SK_E032,SK_E033,,3,3,E_E017,0.008,I_Wt002,0.007,S_W017,0.013,E_E021,0.003,,0,"{""max"":35000,""min"":20000}",E_E021,0.0009,,,,,,0.1,1,10,50,1,30,5,0,5,150,10,0,90,0,0,初界,1,beast,1,1774380508321
226,M_Wt013,水母群,水,14-14,rare,250,25,20,18,28,38,15,32,12,10,45,20,SK_M044,SK_M045,,,2,1.2,I_W051,0.135,E_W051,0.043,S_W051,0.024,,0,,0,"{""max"":488,""min"":305}",,0,,,,,,0.1,1,20,60,1,30,5,0,5,150,30,0,0,0,70,初界,1,beast,1,1774380508321
227,M_Wt014,海浪龜,水,18-18,rare,250,22,25,8,22,30,15,25,15,10,50,30,SK_M046,SK_M047,,,2,1.2,I_W076,0.08,E_W051,0.043,S_W051,0.024,,0,,0,"{""max"":648,""min"":405}",,0,,,,,,0.1,1,20,60,1,30,5,0,5,150,30,0,0,0,70,初界,1,beast,1,1774380508321
228,M_Wt015,劍魚,水,20-20,rare,250,40,10,18,42,18,10,30,10,10,42,20,SK_M048,SK_M049,,,2,1.5,I_W076,0.08,E_W051,0.043,S_W051,0.024,,0,,0,"{""max"":680,""min"":425}",,0,,,,,,0.1,1,20,60,1,30,5,0,5,150,30,0,0,0,70,初界,1,beast,1,1774380508321
229,M_Wt016,冰霜狼,水,19-19,rare,250,40,15,18,38,25,12,38,10,10,45,20,SK_M050,SK_M051,,,2,1.2,I_W076,0.08,E_W051,0.043,S_W051,0.024,,0,,0,"{""max"":664,""min"":415}",,0,,,,,,0.1,1,20,60,1,30,5,0,5,150,30,0,0,0,70,初界,1,beast,1,1774380508321
230,M_Wt017,海妖,水,22-22,rare,250,38,12,18,35,52,15,35,10,10,48,20,SK_M052,SK_M053,,,2,1.5,I_W076,0.08,E_W051,0.043,S_W051,0.024,,0,,0,"{""max"":744,""min"":465}",,0,,,,,,0.1,1,20,60,1,30,5,0,5,150,30,0,0,0,70,初界,1,beast,1,1774380508321
231,M_Wt018,暴鯨,水,23-23,rare,250,40,25,18,35,25,15,28,15,12,50,30,SK_M054,SK_M055,,,2,1.2,I_W076,0.08,E_W051,0.043,S_W051,0.024,,0,,0,"{""max"":792,""min"":495}",,0,,,,,,0.1,1,20,60,1,30,5,0,5,150,30,0,0,0,70,初界,1,beast,1,1774380508321
232,M_Wt019,水龍,水,25-25,rare,250,40,20,18,42,40,12,32,12,12,48,25,SK_M056,SK_M057,,,2,1.5,I_W076,0.08,E_W051,0.043,S_W051,0.024,,0,,0,"{""max"":935,""min"":585}",,0,,,,,,0.1,1,20,60,1,30,5,0,5,150,30,0,0,0,70,初界,1,beast,1,1774380508321
233,M_Wt020,遠古海神,水,32-32,epic,400,65,40,25,100,160,20,35,20,15,65,40,SK_M058,SK_M059,SK_M060,,3,2,E_W067,0.008,S_W056,0.015,E_W071,0.008,S_W060,0.01,,0,"{""max"":18000,""min"":10000}",E_W017,0.0024,,,,,,0.1,1,10,50,1,30,5,0,5,150,10,0,0,0,90,初界,1,beast,1,1774380508321
234,M_Wt021,冰龍,水,42-42,epic,400,65,40,25,140,200,22,45,20,18,72,45,SK_M061,SK_M062,SK_M063,,3,3,I_Wt002,0.007,E_W067,0.008,S_W060,0.01,E_W071,0.008,,0,"{""max"":45000,""min"":25000}",E_E021,0.0009,,,,,,0.1,1,10,50,1,30,5,0,5,150,10,0,0,0,90,初界,1,beast,1,1774380508321
235,M_Wt022,深淵領主,水,48-48,epic,400,65,40,25,160,240,25,40,25,20,75,50,SK_M064,SK_M065,SK_M066,,3,3,I_Wt002,0.007,E_W067,0.008,E_W071,0.008,E_W080,0.003,,0,"{""max"":60000,""min"":35000}",E_E021,0.0009,,,,,,0.1,1,10,50,1,30,5,0,5,150,10,0,0,0,90,初界,1,beast,1,1774380508321
261,M_W021,遠古參神,木,30-30,epic,400,65,40,15,80,100,50,15,40,25,25,30,SK_M028,SK_M029,SK_M030,,3,2,E_W004,0.043,S_W005,0.024,E_W007,0.02,E_W008,0.02,,0,"{""max"":5000,""min"":2000}",E_W017,0.0024,,,,,,0.1,1,10,50,1,30,5,0,5,150,90,0,0,0,10,初界,1,beast,1,1774492629194
262,M_W022,瘟疫古樹,木,35-35,epic,400,65,40,10,90,130,60,0,35,20,30,30,SK_M031,SK_M032,SK_M033,,3,2,E_W007,0.02,S_W017,0.013,I_Wt002,0.007,E_W008,0.02,,0,"{""max"":7000,""min"":3000}",I_Wt002,0.0021,,,,,,0.1,1,10,50,1,30,5,0,5,150,90,0,0,0,10,初界,1,beast,1,1774492629418
263,M_W023,風暴古木,木,40-40,epic,400,65,40,20,100,160,55,20,40,30,20,30,SK_M034,SK_M035,SK_M036,,3,2,E_W017,0.008,S_W017,0.013,I_Wt002,0.007,E_W018,0.008,,0,"{""max"":10000,""min"":5000}",E_E021,0.0009,,,,,,0.1,1,10,50,1,30,5,0,5,150,90,0,0,0,10,初界,1,beast,1,1774492629643
264,M_W024,蟲族母巢,木,45-45,epic,400,65,40,10,110,180,65,5,45,25,25,35,SK_M037,SK_M038,SK_M039,,3,3,E_W017,0.008,S_W020,0.008,I_Wt002,0.007,E_W018,0.008,,0,"{""max"":15000,""min"":8000}",E_E021,0.0009,,,,,,0.1,1,10,50,1,30,5,0,5,150,90,0,0,0,10,初界,1,beast,1,1774492629867
265,M_W025,世界Boss・神木守護者,木,60-60,legendary,50000,80,50,30,250,450,70,10,60,40,40,40,SK_M040,SK_M041,SK_M042,,3,3,,0,,0,,0,,0,,0,"{""max"":100000,""min"":50000}",,0,,,,,,0.1,0,0,120,1,30,5,0,5,150,100,0,0,0,0,初界,1,beast,1,1774492630090
311,M_E022,世界Boss・大地守護者,土,60-60,legendary,50000,80,50,15,280,380,40,30,80,30,35,50,SK_E034,SK_E035,SK_E036,,3,3,,0,,0,,0,,0,,0,"{""max"":200000,""min"":100000}",,0,,,,,,0.1,0,0,120,1,30,5,0,5,150,0,0,100,0,0,初界,1,beast,1,1774492640444
332,M_M021,遠古金龍,金,42-42,epic,400,65,40,25,160,120,20,18,20,72,20,45,SK_M032,SK_M033,SK_M034,,3,3,E_M017,0.008,I_Wt002,0.007,S_W017,0.013,E_M021,0.008,,0,"{""max"":45000,""min"":25000}",E_E021,0.0009,,,,,,0.1,1,10,50,1,30,5,0,5,150,0,0,10,90,0,初界,1,beast,1,1774492645161
333,M_M022,世界Boss・金之祖龍,金,60-60,legendary,50000,80,50,30,320,350,30,30,30,85,30,50,SK_M035,SK_M036,SK_M037,,3,3,,0,,0,,0,,0,,0,"{""max"":250000,""min"":150000}",,0,,,,,,0.1,0,0,120,1,30,5,0,5,150,0,0,0,100,0,初界,1,beast,1,1774492645384
334,M_Wt001,水滴史萊姆,水,2-2,common,120,8,12,10,12,15,15,25,15,10,35,20,SK_M067,,,,1,1,I_W051,0.135,I_W061,0.135,,0,,0,,0,"{""max"":110,""min"":55}",,0,,,,,,0.1,1,35,40,1,30,5,0,5,150,40,0,0,0,60,初界,1,beast,1,1774492645608
335,M_Wt002,泡沫水母,水,3-3,common,80,10,5,12,14,22,15,30,10,8,32,20,SK_M068,,,,1,1,I_W051,0.135,I_W061,0.135,,0,,0,,0,"{""max"":125,""min"":65}",,0,,,,,,0.1,1,35,40,1,30,5,0,5,150,40,0,0,0,60,初界,1,beast,1,1774492645830
336,M_Wt003,小海馬,水,4-4,common,110,14,12,12,16,18,12,25,12,10,30,15,SK_M069,,,,1,1,I_W051,0.135,E_W003,0.06,,0,,0,,0,"{""max"":150,""min"":80}",,0,,,,,,0.1,1,35,40,1,30,5,0,5,150,40,0,0,0,60,初界,1,beast,1,1774492646053
337,M_Wt004,泥鰍,水,5-5,common,95,12,8,12,14,10,12,20,15,10,28,15,SK_M070,,,,1,1,I_W051,0.135,E_W003,0.06,,0,,0,,0,"{""max"":168,""min"":88}",,0,,,,,,0.1,1,35,40,1,30,5,0,5,150,40,0,0,0,60,初界,1,beast,1,1774492646276
338,M_Wt005,小海龜,水,3-3,common,120,8,12,5,10,10,15,20,15,10,32,20,SK_M071,,,,1,1,I_W051,0.135,I_W061,0.135,,0,,0,,0,"{""max"":130,""min"":68}",,0,,,,,,0.1,1,35,40,1,30,5,0,5,150,40,0,0,0,60,初界,1,beast,1,1774492646499
339,M_Wt006,水精靈,水,4-4,common,75,18,5,12,20,25,15,30,8,8,35,20,SK_M072,,,,1,1,I_W051,0.135,E_W003,0.06,,0,,0,,0,"{""max"":155,""min"":82}",,0,,,,,,0.1,1,35,40,1,30,5,0,5,150,40,0,0,0,60,初界,1,beast,1,1774492646723
340,M_Wt007,海葵蝸牛,水,6-6,common,120,12,12,6,14,20,12,22,12,10,30,15,SK_M073,,,,1,1,I_W051,0.135,E_Wt001,0.05,,0,,0,,0,"{""max"":200,""min"":105}",,0,,,,,,0.1,1,35,40,1,30,5,0,5,150,40,0,0,0,60,初界,1,beast,1,1774492646947
341,M_Wt008,冰晶蝶,水,5-5,common,65,16,4,12,18,28,12,35,8,8,38,20,SK_M074,,,,1,1.2,I_W051,0.135,E_W003,0.06,,0,,0,,0,"{""max"":180,""min"":95}",,0,,,,,,0.1,1,35,40,1,30,5,0,5,150,40,0,0,0,60,初界,1,beast,1,1774492647171
342,M_Wt009,河豚,水,6-6,common,120,15,10,8,15,12,12,22,12,10,30,15,SK_M075,,,,1,1,I_W051,0.135,E_Wt001,0.05,,0,,0,,0,"{""max"":195,""min"":102}",,0,,,,,,0.1,1,35,40,1,30,5,0,5,150,40,0,0,0,60,初界,1,beast,1,1774492647394
343,M_Wt010,水蛇,水,7-7,common,105,16,10,12,20,14,12,25,10,8,30,15,SK_M076,,,,1,1,I_W051,0.135,E_Wt001,0.05,,0,,0,,0,"{""max"":225,""min"":118}",,0,,,,,,0.1,1,35,40,1,30,5,0,5,150,40,0,0,0,60,初界,1,beast,1,1774492647617
344,M_Wt011,水元素,水,15-15,rare,250,28,15,18,30,45,15,35,12,10,48,25,SK_M077,SK_M078,,,2,1.2,I_W051,0.135,E_W051,0.043,S_W051,0.024,,0,,0,"{""max"":545,""min"":340}",,0,,,,,,0.1,1,20,60,1,30,5,0,5,150,30,0,0,0,70,初界,1,beast,1,1774492647846
345,M_Wt012,冰晶史萊姆,水,16-16,rare,250,22,12,18,25,48,12,40,10,10,50,25,SK_M079,SK_M080,,,2,1.2,I_W076,0.08,E_W051,0.043,S_W051,0.024,,0,,0,"{""max"":568,""min"":355}",,0,,,,,,0.1,1,20,60,1,30,5,0,5,150,30,0,0,0,70,初界,1,beast,1,1774492648069
356,M_Wt023,世界Boss・深淵海神,水,60-60,legendary,50000,80,50,30,300,520,35,50,35,30,85,50,SK_M081,SK_M082,,,3,3,,0,,0,,0,,0,,0,"{""max"":300000,""min"":200000}",,0,,,,,,0.1,0,0,120,1,30,5,0,5,150,0,0,0,0,100,初界,1,beast,1,1774492650532
369,M_F025,煉獄火蝠,火,1-5,common,80,15,5,12,75,10,0,0,0,0,0,50,SK_M083,,,靈獸系,1,1.03,I_F001,0.135,E_F031,0.06,,0,,0,,0,,,0,,,棲息於火山洞穴的普通蝙蝠，因常年接觸地火而帶有微弱的火焰之力。,,,0.15,1,35,40,1,30,5,0,5,150,0,60,0,40,0,初界,1,beast,1,1774527986656
370,M_F026,赤焰魔狼,火,10-20,rare,250,40,20,18,82,30,0,0,0,0,0,50,SK_M084,SK_M085,,靈獸系,2,1.07,I_F001,0.135,E_F001,0.043,S_F001,0.024,,0,,0,,,0,,,全身覆蓋赤色火焰的兇猛狼群，行動迅捷，擅長團隊圍攻。,,,0.05,1,20,60,1,30,5,0,5,150,0,70,0,30,0,初界,1,beast,1,1774527986669
371,M_E023,磐石巨龜,土,5-10,common,120,20,12,8,70,5,0,0,0,0,0,50,SK_M086,,,靈獸系,1,1.04,I_E001,0.135,E_E001,0.06,,0,,0,,0,,,0,,,背甲如磐石般堅硬的巨龜，行動緩慢但防禦力驚人。,,,0.1,1,35,40,1,30,5,0,5,150,40,0,60,0,0,初界,1,beast,1,1774527986682
372,M_E024,山魈,土,20-30,epic,400,50,35,18,85,40,0,0,0,0,0,50,SK_M087,SK_M088,SK_M089,妖化系,3,1.08,I_E026,0.08,E_E002,0.043,S_E001,0.024,I_E027,0.08,,0,,E_W017,0.0024,,,深山老林中修煉成精的猿猴，力大無窮，能操控山石之力。,,,0.02,1,10,50,1,30,5,0,5,150,10,0,90,0,0,初界,1,beast,1,1774527986695
373,M_M023,銅皮妖鼠,金,1-5,common,90,18,10,12,78,8,0,0,0,0,0,50,SK_M090,,,靈獸系,1,1.03,I_M001,0.135,E_W003,0.06,,0,,0,,0,,,0,,,皮毛堅硬如銅的小型妖鼠，行動敏捷，常在礦洞中出沒。,,,0.15,1,35,40,1,30,5,0,5,150,0,0,40,60,0,初界,1,beast,1,1774527986709
374,M_M024,金剛傀儡,金,30-50,legendary,50000,80,50,15,90,60,0,0,0,0,0,50,SK_M091,SK_M092,SK_M093,金屬系,3,1.1,E_M001,0.043,S_M001,0.024,I_Wt002,0.007,E_M017,0.008,E_M021,0.008,,E_E021,0.0009,,,由上古煉金術士以稀有金屬鑄造的戰爭兵器，擁有無堅不摧的力量。,,,0.005,0,0,120,1,30,5,0,5,150,0,0,0,100,0,初界,1,beast,1,1774527986722
375,M_Wt024,幽藍水母,水,5-10,common,120,10,5,12,70,15,0,0,0,0,0,50,SK_M094,,,水生系,1,1.04,I_W051,0.135,E_W051,0.043,,0,,0,,0,,,0,,,深海中漂浮的發光水母，觸手帶有麻痺毒素。,,,0.1,1,35,40,1,30,5,0,5,150,40,0,0,0,60,初界,1,beast,1,1774527986735
376,M_Wt025,寒淵鮫人,水,10-20,rare,200,30,15,18,83,40,0,0,0,0,0,50,SK_M095,SK_M096,,人型系,2,1.07,I_W051,0.135,E_W051,0.043,S_W051,0.024,,0,,0,,,0,,,深海中的神秘種族，上半身為人，下半身為魚，擅長水系法術和近身搏鬥。,,,0.05,1,20,60,1,30,5,0,5,150,30,0,0,0,70,初界,1,beast,1,1774527986751
